title,company,location,date,link,responsibilities,qualifications,preferred qualifications,miscellaneous
"Data Analytics Intern - Fall 2024 - Smyrna, TN",Nissan Motor Corporation,"Smyrna, TN",2024-06-18,https://www.linkedin.com/jobs/view/data-analytics-intern-fall-2024-smyrna-tn-at-nissan-motor-corporation-3952541094?position=1&pageNum=0&refId=PBdXzQYgdE3sVqb6UZmT0Q%3D%3D&trackingId=fJVrY6vXfI5o6rLrgp9Www%3D%3D&trk=public_jobs_jserp-result_search-card,[],[],[],"['Digital Transformation Team', 'Smyrna, TN', 'During the course of your internship, you will have the chance to:', '- Collaborate with manufacturing departments to develop analytics tools and predictive models', '- Develop operational analysis tools, reporting, and dashboards with Tableau', '- Research and evaluate 3rd party analytics platforms and provide feedback on relevancy for manufacturing', 'In order to qualify for this role, you must:', '- Currently enrolled in University. Masters students preferred.', '- GPA of 3.0 or above', '- Strong organization ability with keen attention to detail', '- Self-motivated and willing to challenge yourself by developing innovative ideas', '- Ability to learn new concepts independently and apply to business problems', '- Have a data mindset with some experience in data analysis', 'Experience with or Desire to learn:', '- Tableau, SQL, R, Python', '- Data Collection, Storage, and Analysis', '- Application Development', '- Visual Analytics', '- Business Acumen, Project Management', '- Visa sponsorship for this position is not available at this time.""', 'NISSAN FOR EVERYONE']"
Data Analyst Internship - Data Science & Gen-AI Team,Peerlogic,"Scottsdale, AZ",2024-06-26,https://www.linkedin.com/jobs/view/data-analyst-internship-data-science-gen-ai-team-at-peerlogic-3960000140?position=2&pageNum=0&refId=PBdXzQYgdE3sVqb6UZmT0Q%3D%3D&trackingId=sSyKwOiC5JDWA2Bfv3G27w%3D%3D&trk=public_jobs_jserp-result_search-card,"['Key Responsibilities', '- Conduct advanced data analysis, utilizing statistical software and machine learning algorithms to extract insights from complex healthcare datasets.', '- Collaborate with our AI development team to refine and enhance AI models, ensuring they meet the high standards required for healthcare applications.', '- Engage in the entire lifecycle of AI solution development, from initial data collection and analysis to implementation and feedback collection.', '- Develop and present clear, actionable insights to team members and stakeholders, aiding in decision-making and strategy development.', '- Contribute to the creation of a robust knowledge base by documenting findings, methodologies, and best practices.']","['Qualifications', '- Pursuing or recently completed a degree in Data Science, Computer Science, Statistics, Mathematics, or related field, with a strong academic record.', '- Demonstrated experience with data analysis and statistical tools (e.g., Python, R), and a keen interest in AI and machine learning.', '- A proactive learner with a knack for problem-solving and a passion for healthcare innovation.', '- Exceptional communication skills, with the ability to convey complex ideas effectively to a diverse audience.', '- Alignment with Peerlogic’s core values of Curiosity, Accountability, Grit, and Enthusiasm, and a strong desire to make a positive impact in healthcare.', '- A competitive stipend and flexible scheduling to accommodate your educational commitments.', '- Hands-on experience in a fast-paced startup environment, working on groundbreaking projects at the intersection of AI and healthcare.', '- Direct mentorship from Dr. Amir Yazdavar and the opportunity to learn from a team of experienced professionals.', '- Access to a network of industry professionals and potential for future employment opportunities within Peerlogic.']",[],['Role Overview']
"Intern, Data Analytics (Summer 2025)",Wiss,"Florham Park, NJ",2024-06-18,https://www.linkedin.com/jobs/view/intern-data-analytics-summer-2025-at-wiss-3931682226?position=3&pageNum=0&refId=PBdXzQYgdE3sVqb6UZmT0Q%3D%3D&trackingId=7GEqx5DbRWtOJFAbL8Buaw%3D%3D&trk=public_jobs_jserp-result_search-card,[],[],[],"['At Wiss, Interns work with large and small companies across various industries. They develop strong working relationships with clients built on understanding their businesses and challenges. Interns work on multiple team engagements each year, including several pieces of any assignment - not just one part. Working in a mutually respectful team environment helps our employees perform at their best and integrate their career with their personal life.', '', '', 'About Wiss, LLP', 'About Wiss, LLP', 'Founded in 1969, Wiss & Company, LLP was founded by accomplished professionals with a shared passion for propelling private businesses and the people behind them to new levels of success. In the years since, we’ve expanded our approach, becoming a full-service business growth advisory firm that recognizes the undeniable link between personal and professional success. Wiss’ size, regional presence, and client-centric approach grant clients the benefits of a boutique firm.', '', 'What to expect:', 'What to expect:', '- Analysis of financial and other business-related data', '- Develop and run SQL queries, scripts, and stored procedures using SQL Management Studio', '- Analyze data using Power Query and Power Pivot', '- Create reports and dashboards using business intelligence tools (Power BI)', '- Assist with data migration tasks, including data cleansing, extraction, transformation, and loading of data into various systems/databases', '', 'What we are looking for:', 'What we are looking for:', '- Working towards a BA/BS degree or equivalent from an accredited university in a business-related field, such as Accounting, Finance, Data Analytics, Math, or Computer Science/Information Systems; GPA of 3.0 or higher is desirable', '- Must be able to work 3 days/week during the intern cycle (on-site required)', '- Candidates should be highly motivated, possess a critical-thinking and problem-solving mindset, and be team players who possess excellent communication skills, both verbal and written', '- Candidates must have a general understanding of Excel and Word', '', 'Wiss, LLP Highlights', 'Wiss, LLP Highlights', '- Accounting Today’s 2024 Regional Leaders', '- Accounting Today’s 2024 Top 100 Firms', '- Accounting Today’s 2024 top firms by AUM', 'Accounting Today’s 2024 Regional Leaders', 'Accounting Today’s 2024 Top 100 Firms', 'Accounting Today’s 2024 top firms by AUM', '', 'Wiss is an Equal Opportunity-Affirmative Action Employer - Minority / Female / Disability / Veteran / Gender Identity / Sexual Orientation / Age""', '""Wiss is committed to diversity and inclusion. We seek candidates from all backgrounds to join our team and encourage our employees to bring their authentic and best selves to work.""']"
Data & Analytics Intern (Fall 2024),Precision,"New York, NY",2024-06-18,https://www.linkedin.com/jobs/view/data-analytics-intern-fall-2024-at-precision-3951798898?position=6&pageNum=0&refId=PBdXzQYgdE3sVqb6UZmT0Q%3D%3D&trackingId=OT4UvoGeZcHyy%2B90sd1Zzg%3D%3D&trk=public_jobs_jserp-result_search-card,[],[],[],"['What You Will Be Doing', '- Providing support to our team on a variety of corporate, nonprofit, and political clients', '- Compiling both qualitative and quantitative data from a series of data sources for reporting and analysis (including Meltwater, Twitter, Facebook, Instagram, Quid, Buzzsumo, Pollfish, Google Analytics, and more)', '- Reading and categorizing digital content samples (including articles, tweets, and posts)', '- Creating short analyses of data sets (including through both written summaries and data visualization)', '- Doing independent desk research to augment qualitative understanding of data sets', '- Slide building for ongoing monitoring reports and deeper analysis', 'What We Are Looking For', '- Progress towards a Bachelor’s degree in a field such as Marketing, Communications, Political Science, Economics, Data Science/Analytics, Statistics, or related disciplines.', '- Strong analytical mindset, with an interest in tackling complex problems', '- A professional communicator with strong written and verbal skills', '- Interest in working on a broad range of projects and the ability to jump into new assignments quickly', '- Experience with research—either academically or in past positions or internships', '- Experience with the Microsoft suite or Google Suite (Particularly Excel, PowerPoint, and Google Slides)', '- Attention to detail and willingness to take on new challenges']"
Data Engineering Intern - Paid,Open Road Integrated Media Inc.,"New York, NY",2024-06-13,https://www.linkedin.com/jobs/view/data-engineering-intern-paid-at-open-road-integrated-media-inc-3949814278?position=7&pageNum=0&refId=PBdXzQYgdE3sVqb6UZmT0Q%3D%3D&trackingId=0IufZEW8n4YPTOiFOTZCfQ%3D%3D&trk=public_jobs_jserp-result_search-card,[],"['Requirements', '- Available approximately 40 hours per week for a minimum of 16 weeks', '- Experience in writing complex SQL queries to extract data from relational databases (e.g. MySQL, Redshift)', '- Comfortable with extensive Python coding', '- Willing to work with a codebase that is not originally written by you', '- Good communication skills; understand that being an effective Data Engineer Intern is about communicating with people as much as it is about writing code', '- Willing to learn any language/tools that are necessary to get the job done', '- This role will be a hybrid of remote work and limited in-person office attendance (at least 1 day) in New York City, NY']",[],"['About Open Road Integrated Media', 'Summary', 'Essential Functions', '- Create ETL pipelines to fetch data from data sources and ingest into databases', '- Write/Optimize SQL queries for different views of data products', '- Create tableau reports with multiple data points married together', '- Build scripts to automate the current manual workflow of other departments', 'Compensation', '- Between $16.00 and $25.00 per hour, commensurate with experience']"
IT Systems and Data Analysis Intern,WHYY,"Philadelphia, PA",2024-06-28,https://www.linkedin.com/jobs/view/it-systems-and-data-analysis-intern-at-whyy-3963027497?position=8&pageNum=0&refId=PBdXzQYgdE3sVqb6UZmT0Q%3D%3D&trackingId=d4w6bohycyCshQXsuK1sSw%3D%3D&trk=public_jobs_jserp-result_search-card,"['Duties And Responsibilities', '- Assist with Information Technology operations & support.', '- Assist with the development of data reporting and analyses.', '- Help explore innovative uses of artificial intelligence technologies, including predictive models and LLMs.']",[],[],"['About WHYY', 'About The Role']"
"Data Analytics & Visualization Analyst -(Berkeley Heights, NJ)",VetJobs,"Oregon, United States",2024-06-27,https://www.linkedin.com/jobs/view/data-analytics-visualization-analyst-berkeley-heights-nj-at-vetjobs-3962411074?position=9&pageNum=0&refId=PBdXzQYgdE3sVqb6UZmT0Q%3D%3D&trackingId=ucoDgczYwXwHPykobMgW1g%3D%3D&trk=public_jobs_jserp-result_search-card,['Additional Qualifications/Responsibilities'],['Qualification'],"['Desire to learn or preferred experience in:', '- React JS (mobile user interface design)', '- Agile software delivery and Continuous Improvement/Continuous Delivery (CI/CD) pipelines', '- Application performance measurement tools such as Dynatrace and Splunk']","['Job Description', 'Apprenticeship', 'Duration', 'Training provider', '[Application Deadline, 7/19, 2pm EST]', 'A typical dayIn this role, with training and coaching you can expect to:', 'Skills', '- Data visualization tools, especially PowerBI and Tableau', '- Functional knowledge of SQL or other data analytics tools', '- Desire to learn or preferred experience in:', '- React JS (mobile user interface design)', '- Agile software delivery and Continuous Improvement/Continuous Delivery (CI/CD) pipelines', '- Application performance measurement tools such as Dynatrace and Splunk', 'Auto req ID', 'Minimum Education Required', 'Job_Category', 'You must have', '- Either a High School Diploma, GED, or Associate Degree', '- This is an in-person role- must have existing commutable residence with expectation to work on-site in Berkeley Heights, NJ office.', '- Must be legally authorized to work in the United States without the need for employer sponsorship, now or at any time in the future.', '- Must participate in routine background and clearances', 'Skills Needed', '- Data visualization tools, especially PowerBI and Tableau', '- Functional knowledge of SQL or other data analytics tools', 'City*', 'State*', 'Job Code', 'Affiliate Sponsor']"
"Co-op, Crew Resources - Data Analyst (Fall, 2024)",Delta Air Lines,"Atlanta, GA",2024-06-22,https://www.linkedin.com/jobs/view/co-op-crew-resources-data-analyst-fall-2024-at-delta-air-lines-3923065263?position=10&pageNum=0&refId=PBdXzQYgdE3sVqb6UZmT0Q%3D%3D&trackingId=Trs2UiWDXrzGZzgVbaFCeQ%3D%3D&trk=public_jobs_jserp-result_search-card,[],"['What You Need To Succeed (minimum Qualifications)', '- Experience with SQL or Database querying tools to include ETL and functional knowledge of data modeling, required', '- Proficient in any scripting programming language (Python, Bash, PowerShell), preferred', '- Knowledge of process improvement methodologies, preferred', '- Strong computer skills with extensive knowledge of excel including VBA', '- Outside of the box thinking', '- Strong organizational, project management, and personal management skills', '- Robust verbal and written communication skills at all levels', '- Ability to work well in teams', '- Must be currently enrolled full-time in an accredited college or university', '- Highly preferred: curiosity, sense of humor, willingness to try new ideas, and persistence in the face of adversity', '- Consistently prioritizes safety and security of self, others, and personal data.', '- Embraces diverse people, thinking, and styles.', '- Possesses a high school diploma, GED, or high school equivalency.', '- Is at least 18 years of age and has authorization to work in the United States.', '- Consistently prioritizes safety and security of self, others, and personal data.', '- Embraces diverse people, thinking, and styles.', '- Possesses a high school diploma, GED, or high school equivalency.', '- Is at least 18 years of age and has authorization to work in the United States.']",[],"['United States, Georgia, Atlanta', 'Crew Processes', '14-Feb-2024', 'Ref #: 23790', 'LinkedIn Tag:', '- Fall 2024 - 1st rotation', '- Summer 2025 - 2nd rotation', '- Spring 2026 - 3rd rotation']"
Global Quantitative Analytics Summer 2025 Analyst,Bank of America,"New York, NY",2024-06-22,https://www.linkedin.com/jobs/view/global-quantitative-analytics-summer-2025-analyst-at-bank-of-america-3938081041?position=14&pageNum=0&refId=PBdXzQYgdE3sVqb6UZmT0Q%3D%3D&trackingId=U76OHLNHGBxxaV97F4ODlQ%3D%3D&trk=public_jobs_jserp-result_search-card,[],"['Qualifications', '- Candidates are required to be pursuing an undergraduate or masters degree from an accredited college or university. Eligible candidates must have a graduation timeframe between November 2025 and August 2026.', '- GPA of 3.5 or higher is preferred', '- Common areas of study include but are not limited to:', '- Economics', '- Computer Science', '- Data Science', '- Engineering', '- Financial, Stochastic, and other applied Math', '- Operations Research', '- Statistics & Econometrics', '- Other STEM majors', '- Candidates should possess a high level of intellectual curiosity, a drive for excellence, and a commitment to achieving sustainable results. Additionally, students should hold strong academic and technical skills as well as show proficiencies in leadership, teamwork, problem solving & analytical skills, verbal and written communication, and professionalism.', '- Candidates must have advanced programming skills, including but not limited to Python, SQL, R, and/or C++.', '- Masters candidates should have no more than 2 years of work experience.', '- Bank of America does not complete third party forms from colleges, universities, or other parties.']",[],"['Global Risk Development Program (QMAP) - 2025', 'Global Quantitative Summer Analyst Program Overview:', '- Bank-provided learnings focused on our seven key risk types (Strategic, Credit, Market, Liquidity. Operational, Compliance and Reputational Risk), as well as topics such as Modeling Principles, Software Development Life Cycle, Data Science and Analytics, latest Regulatory developments and more', '- Intern Mentorship Program', '- Enterprise Executive Speaker Series', '- Employee Diversity & Inclusion Networks LEAD for Women, Black Professional Group, LGBT+ Pride, and more', '- Continuous Educational Speakers and Events', '- Networking Events', 'A Day in the Life', '- Developing emerging riskassessments and analyzing credit risk scenarios', '- Quantitative modeling, including building forecast models, pricing models, and stress test models', '- Conducting research and analysis to provide a micro view of risk management in a particularbusiness line and a macro view of risk management for the bank as a whole', '- Assessing market trendsand providing quantitative data for internal partners and ultimately, clients', '- Applying quantitativeknowledge to specific financial challenges and projects specific to yourbusiness alignment', '- Implementing solutions applying both qualitative and quantitative methods', '- Networking with risk executives and key stakeholders to cultivate meaningful relationships across various lines of business', 'Quantitative Analytics Opportunities', '- Global Risk Analytics', '- Corporate Treasury', '- Enterprise Credit Risk', '- Data, Digital & Global Marketing', '- Model Risk Management', '- Global Markets & Financial Risk', '- Enterprise Independent Testing', '- Intern team assignments are developed based on business need and aligned to skillset and therefore cannot be guaranteed.']"
CNN Polling and Data Analytics Intern: DC - Fall 2024,myGwork - LGBTQ+ Business Community,"Washington, United States",2024-07-04,https://www.linkedin.com/jobs/view/cnn-polling-and-data-analytics-intern-dc-fall-2024-at-mygwork-lgbtq%2B-business-community-3964497162?position=16&pageNum=0&refId=PBdXzQYgdE3sVqb6UZmT0Q%3D%3D&trackingId=KLoWxNDDkHic05lX6mrUPg%3D%3D&trk=public_jobs_jserp-result_search-card,[],"['Qualifications & Experience', '- Deep interest in politics and a basic understanding of survey research a must.', '- Strong writing skills preferred, good communication skills a must.', '- Studying journalism, political science, data science, survey methodology, statistics or another related field.', '- Must be actively enrolled in an accredited college or university degree program for the full duration of the internship (proof of enrollment required)', '- Must be a rising Junior or Senior (18 years or older)', '- Must be in academic good standing (3.0 or above cumulative GPA)', '- Warner Bros. Discovery will only consider candidates who are presently authorized to work for any employer in the United States and who will not require work visa sponsorship from Warner Bros. Discovery now or in the future in order to retain their authorization to work in the United States. Candidates currently on any student or exchange visa, including F-1 CPT, F-1 OPT, J-1, M-1, etc., will not be eligible for the internship program.']",[],"['This inclusive employer is a member of myGwork – the largest global platform for the LGBTQ+ business community.', ""- Write summaries of public opinion on major issues for use across CNN's platforms, and research the latest poll findings in response to requests from CNN reporters across the newsroom."", '- Track polling trends across major surveys on key questions such as presidential approval and the state of the 2024 presidential race.', ""- Work closely with CNN's polling team to develop survey questions, monitor poll progress and write comprehensive analyses of poll results."", ""- Ensure accuracy in CNN's reporting and graphics by fact checking poll numbers and question descriptions."", ""- Gather and organize election-related information to support CNN's Decision Desk in their work on election nights."", 'What To Know Before Applying', '- The duration of the program is 10 weeks', '- Program dates:', '- Start Date: October 7th', '- End Date: December 13th', '- Interns will be expected to work 16-24 hours per week in a hybrid capacity.', '- Our internships are paid opportunities with a competitive hourly wage. Credit is not required; however, we will provide the necessary documentation for school credit if desired. Relocation is not provided.', '- Interviewing will take place from July through Late August. A WBD team member will contact you if your experiences and interests match an open internship position. Due to the high volume of applications, we are unable to give individual status updates.', 'About Our Internship Program', '- Hands-on work with passionate, talented team members in your field', ""- Mentorship from some of the industry's kindest and most passionate entertainment veterans"", '- Engaging events including professional development seminars, panels with recruiters and former interns, intern-exclusive events, and so much more', '- Access to top-level executives and employees through our Speaker Series and Roundtables', '- Incredible networking opportunities with industry-leading professionals and a robust intern alumni network', '- A creative, collaborative, and inclusive company culture', ""- Opportunities to develop professionally and uncover skills you didn't know you had"", '- The insider scoop on the entertainment industry and what happens behind the scenes', '- Relationships that will go beyond your collegiate career', '- Real-life experiences that will provide you with the confidence to delve into your next adventure', ""- In compliance with local law, we are disclosing the compensation, or a range thereof, for roles in locations where legally required. Actual salaries will vary and may be above or below the range based on various factors including but not limited to location, experience, and performance. The rate listed is just one component of Warner Bros. Discovery's total compensation package for employees. Pay Rate: $19 per hour USD for undergrad interns, $25 per hour USD for graduate level interns.""]"
"Summer 2024, Data Analytics Engineering Intern, Local candidates Only",Western Digital,"San Jose, CA",2024-06-28,https://www.linkedin.com/jobs/view/summer-2024-data-analytics-engineering-intern-local-candidates-only-at-western-digital-3963082708?position=17&pageNum=0&refId=PBdXzQYgdE3sVqb6UZmT0Q%3D%3D&trackingId=GF4W18roX6hUiyBCV2fmFg%3D%3D&trk=public_jobs_jserp-result_search-card,[],['Qualifications'],[],"['Company Description', 'Job Description', 'The Engineering Intern Will Be Working On', '- Standardizing data processing and analyses, test/script automation/deployment, data visualization, web-based dashboard and reporting.', '- San Jose, California', 'About You', '- Seniors enrolled in Computer Science or similar degree', '- You have a strong passion for working with data and providing good data quality', '- Strong programming skills, preferably Python', '- Experience with MatLab', '- Quick learner with good analytical thinking skills', '- Interest in learning about data storage, magnetic recording', '- Experience with web server and data visu is an asset', '- Excellent team player with high reliability, get-it-done mindset', 'Additional Information', 'Compensation & Benefits Details', '- An employee’s pay position within the salary range may be based on several factors including but not limited to (1) relevant education; qualifications; certifications; and experience; (2) skills, ability, knowledge of the job; (3) performance, contribution and results; (4) geographic location; (5) shift; (6) internal and external equity; and (7) business and organizational needs.', '- The salary range is what we believe to be the range of possible compensation for this role at the time of this posting. We may ultimately pay more or less than the posted range and this range is only applicable for jobs to be performed in California, Colorado, New York or remote jobs that can be performed in California, Colorado and New York. This range may be modified in the future.', '- If your position is non-exempt, you are eligible for overtime pay pursuant to company policy and applicable laws. You may also be eligible for shift differential pay, depending on the shift to which you are assigned.', '- You will be eligible to participate in Western Digital’s Short-Term Incentive (STI) Plan, which provides incentive awards based on Company and individual performance. Depending on your role and your performance, you may be eligible to participate in our annual Long-Term Incentive (LTI) program, which consists of restricted stock units (RSUs) or cash equivalents, pursuant to the terms of the LTI plan. Please note that not all roles are eligible to participate in the LTI program, and not all roles are eligible for equity under the LTI plan. RSU awards are also available to eligible new hires, subject to Western Digital’s Standard Terms and Conditions for Restricted Stock Unit Awards.', '- We offer a comprehensive package of benefits including paid vacation time; paid sick leave; medical/dental/vision insurance; life, accident and disability insurance; tax-advantaged flexible spending and health savings accounts; employee assistance program; other voluntary benefit programs such as supplemental life and AD&D, legal plan, pet insurance, critical illness, accident and hospital indemnity; tuition reimbursement; transit; the Applause Program; employee stock purchase plan; and the Western Digital Savings 401(k) Plan.', ""- Note: No amount of pay is considered to be wages or compensation until such amount is earned, vested, and determinable. The amount and availability of any bonus, commission, benefits, or any other form of compensation and benefits that are allocable to a particular employee remains in the Company's sole discretion unless and until paid and may be modified at the Company’s sole discretion, consistent with the law.""]"
Database Developer Intern,Copart,"Dallas, TX",2024-06-28,https://www.linkedin.com/jobs/view/database-developer-intern-at-copart-3960223616?position=18&pageNum=0&refId=PBdXzQYgdE3sVqb6UZmT0Q%3D%3D&trackingId=rcxFVQcGL7mpGxguIlgRSA%3D%3D&trk=public_jobs_jserp-result_search-card,[],[],[],"['- Analyze data requirements for business applications and build conceptual model.', '- Develop physical data model and data migration/conversion strategies for internally hosted applications.', '- Reference data maintenance. Work with business analyst to keep the reference data as per industry standard.', '- Troubleshoot production data issues. Identify and Cleanup of junk data.', '- Program and write SQL code to support the creation of tables, views, stored procedures, functions, reports and triggers.', '- Develop and maintain complex stored procedures, views and functions on MariaDB, MySQL, DB2 AS400 and DB2 LUW databases.', '- Utilize software development principles and experience to support the full lifecycle of software products.', '- Work with application teams to identify ways to optimize the database tier and work to implement improvements for future releases.', '- Ability to be flexible and work well with changing priorities.', '- Time management skills with ability to participate in multiple projects/work streams simultaneously as well as strong analytical/problem solving skills.', '- A self-starter who thrives with minimal supervision.', '- Have the ability to express yourself well, verbally and on email.', '- Ability to work with all levels of staff, management and external vendors.', '- Strong knowledge of Python Object Oriented Programming, design patterns, algorithms, and data structures.', '- Knowledge on frameworks such as Flask / Django along with NumPy / pandas.', '- Solid understanding of HTML and JavaScript', '- Solid understanding of SQL', '- Designing, implementing and using REST APIs to orchestrate services in support of business requirements.', '- Familiar with Git tool for source code control and continuous integration.', '- Fluent in Linux/UNIX shell and common commands.', '- BS, BA in Computer Science, Computer Information Systems, MIS, or relevant technology degree.']"
Data Analyst Training And Placement,AGAP Technologies Inc,"Kansas City, MO",2024-06-15,https://www.linkedin.com/jobs/view/data-analyst-training-and-placement-at-agap-technologies-inc-3950284360?position=21&pageNum=0&refId=PBdXzQYgdE3sVqb6UZmT0Q%3D%3D&trackingId=JI9umt572v6PPGCKewWmxQ%3D%3D&trk=public_jobs_jserp-result_search-card,[],[],[],"['Job Description', '- You will receive top quality instruction that is famous for Online IT training.', '- Trainees will receive immediate response to any training related queries, either technical or otherwise. We advise our trainees not to wait till the next class to seek answers to any technical issue.', '- Training sessions are conducted by real-time instructor with real-time examples.', '- Every training session is recorded and posted to the batch after each weekend class.', '- We are offering online training on Data Analyst.', '- We provide training and placement assistance in technology of your choice.', '- Training and Placements for all Valid EAD’s.', '- Good online training virtual class room environment.', '- Highly qualified and experienced trainers.', '- Professional environment.', '- Special interview training', '- Training for skill enhancement.', '- Study material and Lab material provided.', '- E-Verified company.', '- 100% Job Assistance and Guidance.', 'Other Key Points', '- Guaranteed Placements with Fortune 500 clients.', '- Any fresh graduate student can apply for visa sponsorship.', ""- H1B Sponsorship for student's visa."", '- Salary hike for every 6 months on the project.']"
Global Quantitative Analytics Summer 2025 Analyst,Bank of America,"Jersey City, NJ",2024-06-22,https://www.linkedin.com/jobs/view/global-quantitative-analytics-summer-2025-analyst-at-bank-of-america-3938081039?position=22&pageNum=0&refId=PBdXzQYgdE3sVqb6UZmT0Q%3D%3D&trackingId=VkFXjNNmEEfePvq6sCJwVg%3D%3D&trk=public_jobs_jserp-result_search-card,[],"['Qualifications', '- Candidates are required to be pursuing an undergraduate or masters degree from an accredited college or university. Eligible candidates must have a graduation timeframe between November 2025 and August 2026.', '- GPA of 3.5 or higher is preferred', '- Common areas of study include but are not limited to:', '- Economics', '- Computer Science', '- Data Science', '- Engineering', '- Financial, Stochastic, and other applied Math', '- Operations Research', '- Statistics & Econometrics', '- Other STEM majors', '- Candidates should possess a high level of intellectual curiosity, a drive for excellence, and a commitment to achieving sustainable results. Additionally, students should hold strong academic and technical skills as well as show proficiencies in leadership, teamwork, problem solving & analytical skills, verbal and written communication, and professionalism.', '- Candidates must have advanced programming skills, including but not limited to Python, SQL, R, and/or C++.', '- Masters candidates should have no more than 2 years of work experience.', '- Bank of America does not complete third party forms from colleges, universities, or other parties.']",[],"['Global Risk Development Program (QMAP) - 2025', 'Global Quantitative Summer Analyst Program Overview:', '- Bank-provided learnings focused on our seven key risk types (Strategic, Credit, Market, Liquidity. Operational, Compliance and Reputational Risk), as well as topics such as Modeling Principles, Software Development Life Cycle, Data Science and Analytics, latest Regulatory developments and more', '- Intern Mentorship Program', '- Enterprise Executive Speaker Series', '- Employee Diversity & Inclusion Networks LEAD for Women, Black Professional Group, LGBT+ Pride, and more', '- Continuous Educational Speakers and Events', '- Networking Events', 'A Day in the Life', '- Developing emerging riskassessments and analyzing credit risk scenarios', '- Quantitative modeling, including building forecast models, pricing models, and stress test models', '- Conducting research and analysis to provide a micro view of risk management in a particularbusiness line and a macro view of risk management for the bank as a whole', '- Assessing market trendsand providing quantitative data for internal partners and ultimately, clients', '- Applying quantitativeknowledge to specific financial challenges and projects specific to yourbusiness alignment', '- Implementing solutions applying both qualitative and quantitative methods', '- Networking with risk executives and key stakeholders to cultivate meaningful relationships across various lines of business', 'Quantitative Analytics Opportunities', '- Global Risk Analytics', '- Corporate Treasury', '- Enterprise Credit Risk', '- Data, Digital & Global Marketing', '- Model Risk Management', '- Global Markets & Financial Risk', '- Enterprise Independent Testing', '- Intern team assignments are developed based on business need and aligned to skillset and therefore cannot be guaranteed.']"
Global Quantitative Analytics Summer 2025 Analyst,Bank of America,"Chicago, IL",2024-06-22,https://www.linkedin.com/jobs/view/global-quantitative-analytics-summer-2025-analyst-at-bank-of-america-3938081040?position=23&pageNum=0&refId=PBdXzQYgdE3sVqb6UZmT0Q%3D%3D&trackingId=dCMBI7tXdeqcU4Q9%2Fs69NQ%3D%3D&trk=public_jobs_jserp-result_search-card,[],"['Qualifications', '- Candidates are required to be pursuing an undergraduate or masters degree from an accredited college or university. Eligible candidates must have a graduation timeframe between November 2025 and August 2026.', '- GPA of 3.5 or higher is preferred', '- Common areas of study include but are not limited to:', '- Economics', '- Computer Science', '- Data Science', '- Engineering', '- Financial, Stochastic, and other applied Math', '- Operations Research', '- Statistics & Econometrics', '- Other STEM majors', '- Candidates should possess a high level of intellectual curiosity, a drive for excellence, and a commitment to achieving sustainable results. Additionally, students should hold strong academic and technical skills as well as show proficiencies in leadership, teamwork, problem solving & analytical skills, verbal and written communication, and professionalism.', '- Candidates must have advanced programming skills, including but not limited to Python, SQL, R, and/or C++.', '- Masters candidates should have no more than 2 years of work experience.', '- Bank of America does not complete third party forms from colleges, universities, or other parties.']",[],"['Global Risk Development Program (QMAP) - 2025', 'Global Quantitative Summer Analyst Program Overview:', '- Bank-provided learnings focused on our seven key risk types (Strategic, Credit, Market, Liquidity. Operational, Compliance and Reputational Risk), as well as topics such as Modeling Principles, Software Development Life Cycle, Data Science and Analytics, latest Regulatory developments and more', '- Intern Mentorship Program', '- Enterprise Executive Speaker Series', '- Employee Diversity & Inclusion Networks LEAD for Women, Black Professional Group, LGBT+ Pride, and more', '- Continuous Educational Speakers and Events', '- Networking Events', 'A Day in the Life', '- Developing emerging riskassessments and analyzing credit risk scenarios', '- Quantitative modeling, including building forecast models, pricing models, and stress test models', '- Conducting research and analysis to provide a micro view of risk management in a particularbusiness line and a macro view of risk management for the bank as a whole', '- Assessing market trendsand providing quantitative data for internal partners and ultimately, clients', '- Applying quantitativeknowledge to specific financial challenges and projects specific to yourbusiness alignment', '- Implementing solutions applying both qualitative and quantitative methods', '- Networking with risk executives and key stakeholders to cultivate meaningful relationships across various lines of business', 'Quantitative Analytics Opportunities', '- Global Risk Analytics', '- Corporate Treasury', '- Enterprise Credit Risk', '- Data, Digital & Global Marketing', '- Model Risk Management', '- Global Markets & Financial Risk', '- Enterprise Independent Testing', '- Intern team assignments are developed based on business need and aligned to skillset and therefore cannot be guaranteed.']"
Business Systems Analyst 1/ Trainee 1/2 (NY HELPS) - Vacancy ID# 161996,New York State Department of State,"Albany, NY",2024-07-01,https://www.linkedin.com/jobs/view/business-systems-analyst-1-trainee-1-2-ny-helps-vacancy-id%23-161996-at-new-york-state-department-of-state-3964803325?position=24&pageNum=0&refId=PBdXzQYgdE3sVqb6UZmT0Q%3D%3D&trackingId=rXt9Z%2FzZmNdqVpyPfRFSUQ%3D%3D&trk=public_jobs_jserp-result_search-card,[],"['Minimum Qualifications', 'Non-competitive Minimum Qualifications Are:', 'Competitive Minimum Qualifications:', '55 B/C Qualifications:', 'Preferred Qualification Within The Scope Of Experience Above:', '- Applicants with the following qualifications shall be preferred: Certification by a recognized body demonstrating that the individual has been trained in business analysis techniques.', '- More than three years of professional business analysis experience where the primary duties were performing four or more of the activities set forth in the required qualifications above.', '- Experience with information technology procurements, including writing or editing requests for proposals, project-based information technology service mini-bids, and requests for quotation.']",[],"['Ny Helps:', 'Business Systems Analyst 1:', 'Business Systems Analyst Trainee 2:', 'Business Systems Analyst 1:', 'Experience:', 'Applicants Must Meet The Following For Consideration:', '- A bachelor’s degree or higher and two years of professional business analysis experience where the primary duties were performing 2 or more of the following activities:', '- Using business analysis techniques to elicit requirements as the foundation for the solution to the business needs.', '- Using business analysis techniques for the purpose of identifying solutions aimed at improving the efficiency and effective of the system, business process, or product/service to fulfill business requirements.', '- Describing in a comprehensive written document what the system, process, or product service must do to satisfy the established business requirement; this includes creating, updating, and maintaining documentation through the system development life cycle.', '- Validating requirements throughout the product/system development life cycle, including all changes to the processes that would enable the organization to meet its goals.', '- Verifying requirements are met throughout the development life cycle to ensure it performs to specification, including developing testing scenarios and leading subject matter experts during user-acceptance, identifying risks, and communicating with stakeholders and project managers.', 'Duties Description', 'Duties Description', '- Research and gather requirements for ongoing projects.', '- Evaluate existing processes and create flow charts and process models describing functions.', '- Work closely with unit, division, and Executive leadership to envision and document future efficient states that best serve the public where appropriate.', '- Learn and understand processes week enough to offer information to developers in the stead of subject matter experts where appropriate and necessary.', '- Develop test data and scenarios, tests systems functions, and document results.', '- Develop training materials related to business systems implementation for users', '- Write procedure m annuals and document business process deficiencies requiring resolution during and/or after implementation.', '- Assist in draft in RFP’s, RFQ’s, PBITS, vendor contracts, scope of work documents, and other related materials.', 'Additional Comments', 'Additional Comments']"
Global Quantitative Analytics Summer 2025 Analyst,Bank of America,"Atlanta, GA",2024-06-22,https://www.linkedin.com/jobs/view/global-quantitative-analytics-summer-2025-analyst-at-bank-of-america-3938078235?position=25&pageNum=0&refId=PBdXzQYgdE3sVqb6UZmT0Q%3D%3D&trackingId=rjZ6PoFybTLxmqBnSDnayg%3D%3D&trk=public_jobs_jserp-result_search-card,[],"['Qualifications', '- Candidates are required to be pursuing an undergraduate or masters degree from an accredited college or university. Eligible candidates must have a graduation timeframe between November 2025 and August 2026.', '- GPA of 3.5 or higher is preferred', '- Common areas of study include but are not limited to:', '- Economics', '- Computer Science', '- Data Science', '- Engineering', '- Financial, Stochastic, and other applied Math', '- Operations Research', '- Statistics & Econometrics', '- Other STEM majors', '- Candidates should possess a high level of intellectual curiosity, a drive for excellence, and a commitment to achieving sustainable results. Additionally, students should hold strong academic and technical skills as well as show proficiencies in leadership, teamwork, problem solving & analytical skills, verbal and written communication, and professionalism.', '- Candidates must have advanced programming skills, including but not limited to Python, SQL, R, and/or C++.', '- Masters candidates should have no more than 2 years of work experience.', '- Bank of America does not complete third party forms from colleges, universities, or other parties.']",[],"['Global Risk Development Program (QMAP) - 2025', 'Global Quantitative Summer Analyst Program Overview:', '- Bank-provided learnings focused on our seven key risk types (Strategic, Credit, Market, Liquidity. Operational, Compliance and Reputational Risk), as well as topics such as Modeling Principles, Software Development Life Cycle, Data Science and Analytics, latest Regulatory developments and more', '- Intern Mentorship Program', '- Enterprise Executive Speaker Series', '- Employee Diversity & Inclusion Networks LEAD for Women, Black Professional Group, LGBT+ Pride, and more', '- Continuous Educational Speakers and Events', '- Networking Events', 'A Day in the Life', '- Developing emerging riskassessments and analyzing credit risk scenarios', '- Quantitative modeling, including building forecast models, pricing models, and stress test models', '- Conducting research and analysis to provide a micro view of risk management in a particularbusiness line and a macro view of risk management for the bank as a whole', '- Assessing market trendsand providing quantitative data for internal partners and ultimately, clients', '- Applying quantitativeknowledge to specific financial challenges and projects specific to yourbusiness alignment', '- Implementing solutions applying both qualitative and quantitative methods', '- Networking with risk executives and key stakeholders to cultivate meaningful relationships across various lines of business', 'Quantitative Analytics Opportunities', '- Global Risk Analytics', '- Corporate Treasury', '- Enterprise Credit Risk', '- Data, Digital & Global Marketing', '- Model Risk Management', '- Global Markets & Financial Risk', '- Enterprise Independent Testing', '- Intern team assignments are developed based on business need and aligned to skillset and therefore cannot be guaranteed.']"
Credit Data and Analytics and Business Controls/Process Optimization - Enterprise Credit Summer Analyst Program 2025,Bank of America,"Charlotte, NC",2024-06-22,https://www.linkedin.com/jobs/view/credit-data-and-analytics-and-business-controls-process-optimization-enterprise-credit-summer-analyst-program-2025-at-bank-of-america-3938078221?position=29&pageNum=0&refId=PBdXzQYgdE3sVqb6UZmT0Q%3D%3D&trackingId=lg1yw3xSWg4yhrux7lj1Eg%3D%3D&trk=public_jobs_jserp-result_search-card,[],"['Qualifications', '- Candidates are required to be pursuing abachelor’s degreefrom an accredited college or university with a graduation timeframe betweenDecember 2025 and June 2026', '- 2.0 minimum GPA preferred - A history ofhigh achievement', '- Common areas of study include but are not limited to:', '- Corporate Finance', '- Business Administration/Management', '- Accounting', '- Computer Science/Information Systems', '- Economics', '- Other related majors', '- Candidates should possess a high level of intellectual curiosity, a drive for operational excellence, and a commitment to achieving sustainable results. Additionally, students should hold strong academic and technical skills in Microsoft Office as well as show proficiencies in leadership, teamwork, problem solving & analytical skills, verbal and written communication, and professionalism.']",[],"['Enterprise Credit Analyst Program - 2025', 'Enterprise Credit Overview', 'Enterprise Credit', 'consumers, companies, and institutions', 'Enterprise Credit analyst program', '- Consumer Credit', '- Global Wealth & Investment Management Credit (Supporting our Merrill and Private Bank clients)', '- Global Commercial Banking (GCB), Asset Based Finance and Commercial Real Estate Credit', '- Global Corporate & Investment Banking and Global Markets Credit', '- Data and Analytics and Business Controls/Process Optimization', 'This job requisition is for the Data and Analytics and Business Controls/Process Optimization', 'track:', '- Enterprise Credit Analytics & Transformation Strategy Provide data management and technology transformation for the credit teams. Data management includes internal and regulatory reporting while also partnering with the technology transformation team to ensure data and appropriate controls are built into credit systems to drive transparency and support digitization.', '- Enterprise Credit Chief Operating Office (COO) Support the credit teams through business controls, process and quality review testing. Daily activities can include:', '- Review of credit documents to ensure regulatory, policy and procedure requirements are met', '- Identify opportunities to prevent errors and streamline processes', '- Manage policies, procedures, process documentation and controls to support our end-to-end credit process', '- Review of credit documents to ensure regulatory, policy and procedure requirements are met', '- Identify opportunities to prevent errors and streamline processes', '- Manage policies, procedures, process documentation and controls to support our end-to-end credit process', 'What To Expect Day To Day', '- Analysis of client financial information, identification/mitigation of potential risks, compliance with regulatory requirements and evaluation of collateral in determination of credit worthiness', '- Review and evaluate collateral to ensure appropriate requirements are met', '- Review completed client requests to ensure compliance with policy and procedures and assess if business controls are appropriate', '- Partner with credit underwriting and monitoring teams to document processes and identify opportunities for simplification or business control needs', '- Participate in the end-to-end data management process to understand how credit data is used internally and provided to regulatory partners', 'Location', 'Full / Part-time:', 'Hours Per Week:', 'Shift:']"
"Founding Data Engineer - Python, SQL, Scala",CyberCoders,"Los Angeles, CA",2024-06-22,https://www.linkedin.com/jobs/view/founding-data-engineer-python-sql-scala-at-cybercoders-3847574568?position=30&pageNum=0&refId=PBdXzQYgdE3sVqb6UZmT0Q%3D%3D&trackingId=kGIUKAbO7NWFOkCIxeN%2Bdg%3D%3D&trk=public_jobs_jserp-result_search-card,"['Key Responsibilities', '- Design, develop, and maintain data architectures and pipelines using a variety of technologies such as Python and SQL. Scala and MongoDB are a plus', '- Lead data engineering projects from start to finish, and collaborate with stakeholders to ensure successful delivery.', '- Monitor and optimize existing data pipelines and architectures.', '- Develop and document best practices for data engineering.', '- Identify and troubleshoot performance issues in data pipelines and architectures.', '- Strong experience with data pipeline and workflow management tools like Apache Airflow, Luigi, or Prefect.', '- In-depth knowledge of real-time data processing frameworks such as Kinesis, Kafka, Flink, or Spark Streaming. Experience with Segment is a plus.', '- Experience with data modeling tools and ETL frameworks, with a strong emphasis on performance optimization.']","['Qualifications', '- 5+ years of experience in a Data Engineer role.', '- Proven experience with Python, SQL and other related technologies.', '- Experience with AWS', '- Strong knowledge of data modeling and ETL processes.', '- Experience leading data engineering projects.']",[],"['Position Overview:', 'Benefits', '- We offer comprehensive medical and dental coverage,', '- $50 a day food delivery budget', '- Equity', '- Learning opportunities', '- Unlimited vacation, 12 weeks paid parental leave, and we pay all employees $1,000 a year to go somewhere in the world', 'Email Your Resume In Word To', '- Please do NOT change the email subject line in any way. You must keep the JobID: linkedin : RP6-1790602 -- in the email subject line for your application to be considered.***', 'CyberCoders is proud to be an Equal Opportunity Employer']"
Data Engineer (Skillbridge Intern) - 18377,Enlighten,"Augusta, GA",2024-06-22,https://www.linkedin.com/jobs/view/data-engineer-skillbridge-intern-18377-at-enlighten-3882242954?position=31&pageNum=0&refId=PBdXzQYgdE3sVqb6UZmT0Q%3D%3D&trackingId=0FClPFl9E%2FSUeAJE4%2F58DA%3D%3D&trk=public_jobs_jserp-result_search-card,['Essential Job Responsibilities'],"['Minimum Qualifications', '- Active-Duty Military ONLY within final 180 days of active-duty service.', '- Minimum of 5 years relevant data engineering (including experience with Python or Java) experience with Bachelors in related field; 3 years relevant experience with Masters in related field; or High School Diploma or equivalent and 9 years relevant experience.', '- Additional experience dependent on Program of Instruction.', 'Physical Requirements', 'Physical Requirements']",[],"['Job Description', 'UNPAID', 'Desired End State (3-4 month target)', '- At the end of four months, the intern will be able to understand basic data engineer concepts. Data engineers, as part of enterprise data analytics teams, manage, optimize, oversee, and monitor data retrieval, storage, and distribution throughout the BDP enclaves.', '- The intern will develop a good understanding of all critical tasks to successfully conduct data engineer objectives:', '- Data acquisition', '- Develop data set processes (Extract, transform, load (ETL))', '- Use programming language and tools (Java, NiFi, maven, etc)', '- Identify ways to improve data reliability, efficiency, and quality', '- Prepare data for predictive and prescriptive modeling', '- Use data to discover tasks that can be automated', '- Enlighten will benefit from the military background of the SkillBridge intern and considers the SkillBridge internship an overall positive experience.', '- Data acquisition', '- Develop data set processes (Extract, transform, load (ETL))', '- Use programming language and tools (Java, NiFi, maven, etc)', '- Identify ways to improve data reliability, efficiency, and quality', '- Prepare data for predictive and prescriptive modeling', '- Use data to discover tasks that can be automated', 'Assumptions/Restrictions', '- If candidate is selected and approved, SkillBridge Intern can travel in conjunction with this internship; Enlighten will fund all travel costs.', '- SkillBridge Intern will be available during core hours for critical meetings and training.', 'Training Plan', '- Week 1: In processing, Introductions/office familiarization', '- Week 2: Intro to the Big Data Platform (BDP) technologies. Intro to BDP analytics and applications', '- Week 3: Intro to Army and Air Force Cyber data ETL process', '- Week 4: Data Acquisition, Taxonomy/Schema. Review existing parsers and deployment flows; understand existing transforms available for use in parsers.', '- Weeks 5-6: BDP technologies - Kafka and Nifi workflows; Establish a development environment for BDP parser development', '- Weeks 7-8: Modify Kafka and Nifi workflows; modify existing parser schema and transforms to alter ingest pipeline.', '- Week 9: Understand how to access logs to identify errors; understand common parser development errors; troubleshoot errors.', '- Weeks 10-end: Implement data parsing best practices, building, deploying, and troubleshooting workflows.', '- Project management']"
GEOINT & IMINT Cleared Positions: Several,Geo Owl,"Augusta, GA",2024-06-17,https://www.linkedin.com/jobs/view/geoint-imint-cleared-positions-several-at-geo-owl-3951089112?position=33&pageNum=0&refId=PBdXzQYgdE3sVqb6UZmT0Q%3D%3D&trackingId=UNRa5NeieRPQQ1GudW585g%3D%3D&trk=public_jobs_jserp-result_search-card,[],[],[],"['Are you ready to make a difference in the world of geospatial intelligence? Geo Owl is expanding and we’re looking for talented professionals to join our team.', 'Are you ready', 'geospatial intelligence', '', 'CHECK OUT OUR OPEN POSITIONS:', '', 'Apprentice Active Geolocation Operator - Fort Eisenhower, GA', 'Geolocation Operator', 'Apprentice Passive Geolocation Operator - Fort Eisenhower, GA', 'Geolocation Operator', 'Journeyman Geolocation Operator - Fort Eisenhower, GA', 'Geolocation Operator', 'Imagery Analyst (GA) - Fort Eisenhower, GA', 'Imagery Analyst', 'Senior Geospatial Analyst - Fort Eisenhower, GA', 'Geospatial Analyst', '', 'Expert GIS Administrator - Fort Liberty, NC', 'GIS Administrator', 'Full Spectrum GEOINT Analyst (NC) - Fort Liberty, NC', 'Full Spectrum GEOINT', 'Geospatial Intelligence Analyst (NC) - Fort Liberty, NC', 'Geospatial Intelligence Analyst', 'Program Manager (Intelligence) - Fort Liberty, NC', 'Program Manager', 'Senior FMV Analyst - Fort Liberty, NC', 'FMV Analyst', '', 'Full Spectrum GEOINT Analyst (VA) - Fort Belvoir, VA', 'Full Spectrum GEOINT', '', 'Junior Imagery Analyst (VA) - Alexandria, VA', 'Imagery Analyst', '', 'Maritime Cartographer (VA) - Springfield, VA', 'Cartographer', 'Senior Geospatial Analyst (VA) - Springfield, VA', 'Geospatial Analys', 'Senior Analytic Methodologist (VA) - Springfield, VA', 'Analytic Methodologist', 'Senior Data Scientist (VA) - Springfield, VA', 'Data Scientist', '', 'Maritime Cartographer (MO) - St. Louis, MO', 'Cartographer', '', 'Mid-Level All-Source Analyst - Deployed - Kuwait', 'All-Source Analyst', 'Mid-Level GEOINT Imagery Analyst - Deployed - Kuwait', 'GEOINT Imagery Analyst', 'Senior-Level All-Source Analyst - Deployed - Kuwait', 'All-Source Analyst', '', 'Talent Acquisition/HR DOD SkillBridge Internship - Remote', 'DOD SkillBridge', 'Executive Leadership DOD SkillBridge Internship - Remote', 'DOD SkillBridge', 'GEOINT DOD SkillBridge Internship - Remote', 'DOD SkillBridge', '', 'VARIOUS POSITIONS REQUIRE VARYING SKILLS.', ""Don't let not having one or two of the skills listed here deter you from applying."", '', '*** Why Geo Owl?', 'You get to Make an Impact in Nationally Relevant Cutting-Edge Projects', 'You get to Make an Impact', 'You get a Collaborative, Mission Focused, People-Centered Work Environment', 'People-Centered Work Environment', ""You get Opportunities for Growth - You aren't just a butt in a seat here!"", 'Opportunities for Growth', 'You get Supportive leadership - How can we help you?', 'Supportive leadership', '', '*** Apply now and be part of a dynamic team that’s shaping the future of geospatial intelligence!', 'Apply now', '', 'Contact me directly to GET YOUR RESUME IN FRONT OF OUR RECRUITERS TODAY!', 'Contact me directly']"
Ocean Modeling and Data Analysis,ORAU,"Pasadena, CA",2024-07-02,https://www.linkedin.com/jobs/view/ocean-modeling-and-data-analysis-at-orau-3963751037?position=36&pageNum=0&refId=PBdXzQYgdE3sVqb6UZmT0Q%3D%3D&trackingId=xcVVl4Gcj4mt7KupGtw9rA%3D%3D&trk=public_jobs_jserp-result_search-card,[],"['Eligibility Requirements', '- Degree: Doctoral Degree.']",[],"['Organization', 'Reference Code', 'How To Apply', '- Research proposal', '- Three letters of recommendation', '- Official doctoral transcript documents', 'Application Deadline', 'Description', 'About the', 'NASA Postdoctoral Program', 'Description:', 'Postdoctoral Scholar Position-Innovative Ocean Modeling for Satellite Ocean Salinity /Jet Propulsion Laboratory (JPL), California Institute of Technology (Caltech)', 'Location:', 'Field of Science:', 'Advisors:', 'Applications with citizens from Designated Countries will not be accepted at this time, unless they are Legal Permanent Residents of the United States.', '- U.S. Citizens;', '- U.S. Lawful Permanent Residents (LPR);', '- Foreign Nationals eligible for an Exchange Visitor J-1 visa status; and,', '- Applicants for LPR, asylees, or refugees in the U.S. at the time of application with 1) a valid EAD card and 2) I-485 or I-589 forms in pending status', 'Questions about this opportunity?']"
Information Technology Analyst (Departmental Analyst (Trainee) 9-12),State of Michigan,"Lansing, MI",2024-07-01,https://www.linkedin.com/jobs/view/information-technology-analyst-departmental-analyst-trainee-9-12-at-state-of-michigan-3963191629?position=37&pageNum=0&refId=PBdXzQYgdE3sVqb6UZmT0Q%3D%3D&trackingId=OKuFKyArHNhepUO8Ho1rag%3D%3D&trk=public_jobs_jserp-result_search-card,[],['Additional Requirements And Information'],[],"['Job Description', 'Required Education And Experience', 'Education for Departmental Analyst 9-12', 'Experience For Departmental Analyst 9-12', 'Education and Experience for Departmental Analyst (Departmental Trainee) 9 (FOR CLASSIFIED STATE EMPLOYEES ONLY)Education', 'Experience', ""- Paraprofessional classifications are those requiring an associate's degree or two years of college."", 'Educational Substitution', 'Alternate Education And Experience', 'Departmental Analyst (Departmental Trainee 9) 9 - 12']"
Climate Data Analysis Using GPS Radio Occultation,ORAU,"Pasadena, CA",2024-07-02,https://www.linkedin.com/jobs/view/climate-data-analysis-using-gps-radio-occultation-at-orau-3963747616?position=38&pageNum=0&refId=PBdXzQYgdE3sVqb6UZmT0Q%3D%3D&trackingId=1KnDFe%2Fm6X6P6GYnwug4Pg%3D%3D&trk=public_jobs_jserp-result_search-card,[],"['Eligibility Requirements', '- Degree: Doctoral Degree.']",[],"['Organization', 'Reference Code', 'How To Apply', '- Research proposal', '- Three letters of recommendation', '- Official doctoral transcript documents', 'Application Deadline', 'Description', 'About the', 'NASA Postdoctoral Program', 'Description:', 'Location:', 'Field of Science:', 'Advisors:', 'Applications with citizens from Designated Countries will not be accepted at this time, unless they are Legal Permanent Residents of the United States.', '- U.S. Citizens;', '- U.S. Lawful Permanent Residents (LPR);', '- Foreign Nationals eligible for an Exchange Visitor J-1 visa status; and,', '- Applicants for LPR, asylees, or refugees in the U.S. at the time of application with 1) a valid EAD card and 2) I-485 or I-589 forms in pending status', 'Questions about this opportunity?']"
AI Developer Intern,myGwork - LGBTQ+ Business Community,"Lake, IL",2024-07-03,https://www.linkedin.com/jobs/view/ai-developer-intern-at-mygwork-lgbtq%2B-business-community-3964428672?position=39&pageNum=0&refId=PBdXzQYgdE3sVqb6UZmT0Q%3D%3D&trackingId=WjSNsI6zdKrMRKek5s%2BMgQ%3D%3D&trk=public_jobs_jserp-result_search-card,"['Responsibilities', 'Responsibilities', 'Responsibilities:', 'Responsibilities', '- Work closely with the product team to understand the requirements.', '- AI model selection: Research and select an appropriate AI model for building the LLM chatbot.', '- Data preparation for AI, AI testing and launch: Prepare and clean data for use in AI models. Work with the technical writers to prepare the data source, to fine-tune and test the model.', '- Ensure that the proposed AI solution complies with ethical guidelines and legal standards, particularly in terms of data privacy, security, and fairness.', '- Microservice setup: Gaining experience in setting up microservices in a Java-based product. Propose an MVP for a microservice to implement the chat-based GenAI solution in our existing Java-based product.']",[],[],"['This inclusive employer is a member of myGwork – the largest global platform for the LGBTQ+ business community.', 'Required Skills And Knowledge:', 'Required Skills And Knowledge', '- Strong understanding of AI concepts, particularly of chatbots and natural language processing.', '- Knowledge of preparing and cleaning data for use in AI models.', '- Strong analytical skills and ability to conduct comprehensive research and analysis.', '- Ability to collaborate effectively with diverse stakeholders and work independently and as part of a team (product managers, developers and technical writers).', 'Education:', 'Education', '- Pursuing a degree in Computer Science, Engineering, Artificial Intelligence, Machine Learning or a related field.', 'Nice To Have:', 'Nice To Have', '- Intermediary to advanced knowledge of a widely used scripting language, e.g., Python, and (optional) JavaScript and Java.', '- Experience or interest in learning how to design and implement microservices.', '- Familiarity with ethical considerations and legal regulations related to AI technologies.', ""- Interest in AI's applications in business settings."", 'Nice To Have:', 'Nice To Have', '- Intermediary to advanced knowledge of a widely used scripting language, e.g., Python, and (optional) JavaScript and Java.', '- Experience or interest in learning how to design and implement microservices.', '- Familiarity with ethical considerations and legal regulations related to AI technologies.', ""- Interest in AI's applications in business settings.""]"
Prácticas en Analytics con tecnología Microsoft en Málaga - Octubre 2024,Avanade,"Malaga, WA",2024-07-02,https://www.linkedin.com/jobs/view/pr%C3%A1cticas-en-analytics-con-tecnolog%C3%ADa-microsoft-en-m%C3%A1laga-octubre-2024-at-avanade-3962913840?position=40&pageNum=0&refId=PBdXzQYgdE3sVqb6UZmT0Q%3D%3D&trackingId=MPn7TZetKOB6O4MoVQ%2FvNA%3D%3D&trk=public_jobs_jserp-result_search-card,[],[],[],"['Come join us', '- Ingeniería del dato (extracción, procesamiento, transformación, sanitización, carga…)', '- Análisis de dato (visualización, análisis, Story Telling, diseño, etc.)', '- Analítica avanzada (machine Learning, NLP)', 'Skills And Experiences', '- Poder hacer un convenio de prácticas con tu universidad/centro educativo', '- Hacer las prácticas en horario de mañana de lunes a viernes (5 horas al día) para que puedas compatibilizar con tus estudios', '- Tener un nivel alto de inglés, tanto en comprensión como oral como vas a participar en proyectos internacionales', '- Poder aprender de los mejores profesionales ya no sólo a nivel tecnológicos sino también metodologías de trabajo y best practices', '- Flexibilidad para asistir a tus exámenes', '- Trabajar en un entorno 100% colaborativo, tecnológico e internacional donde la base de todo es el compañerismo y el trabajo en equipo', '- Beca remunerada que te permite realizar prácticas tanto curriculares como extracurriculares', '- Posibilidad de incorporarte a la compañía una vez finalicen las prácticas', 'About You', '- Analítico, curioso y ágil.', '- Trabajo en equipo y buena comunicación.', '- Resolución de problemas, paciencia y enfoque en calidad.', '- Autodidacta.', '- Mentalidad innovadora', ""What You'll Do"", '- Almacenamiento de datos estructurados: Desarrollo de objetos en bases de datos Microsoft SQL Server. Desarrollo de Datawarehouse, modelado.', '- Procesamiento de datos con ETLs: Uso de ETL On-Prem con SSIS. Conectividad con orígenes de datos, tratamiento de la información, carga de datos en destino.', '- Plataforma de datos en Azure: Servicios específicos de datos en Cloud público para procesamiento de datos de cualquier naturaleza y magnitud. Entre los servicios destacan: Azure Data Factory, Azure Data Lake Storage Gen 2 y Azure Databricks.', '- Plataforma de visualización: Generación de informes de visualización con Power BI.', 'Learn more', 'Enjoy your career', 'A great place to work', '- Expanding your thinking', '- Experimenting courageously', '- Learning and pivoting', '- Empowering every voice', '- Encouraging boldness', '- Celebrating progress', '- Amazing the client', '- Prioritizing what matters', '- Acting as one']"
Digital Technology Intern,LTIMindtree,"Sacramento, CA",2024-06-30,https://www.linkedin.com/jobs/view/digital-technology-intern-at-ltimindtree-3960898473?position=44&pageNum=0&refId=PBdXzQYgdE3sVqb6UZmT0Q%3D%3D&trackingId=5G0bC8bjxt%2FEb49bQTjBGQ%3D%3D&trk=public_jobs_jserp-result_search-card,[],[],[],[]
Digital Technology Intern,LTIMindtree,"Paterson, NJ",2024-06-30,https://www.linkedin.com/jobs/view/digital-technology-intern-at-ltimindtree-3961100369?position=45&pageNum=0&refId=PBdXzQYgdE3sVqb6UZmT0Q%3D%3D&trackingId=e0e56SYeea8aiFsbxwVWtg%3D%3D&trk=public_jobs_jserp-result_search-card,[],[],[],[]
Digital Technology Intern,LTIMindtree,"Yonkers, NY",2024-06-30,https://www.linkedin.com/jobs/view/digital-technology-intern-at-ltimindtree-3961104208?position=46&pageNum=0&refId=PBdXzQYgdE3sVqb6UZmT0Q%3D%3D&trackingId=aRZ8F8QSIGJW3OtFcANiIg%3D%3D&trk=public_jobs_jserp-result_search-card,[],[],[],[]
Digital Technology Intern,LTIMindtree,"Minneapolis, MN",2024-06-30,https://www.linkedin.com/jobs/view/digital-technology-intern-at-ltimindtree-3960898425?position=47&pageNum=0&refId=PBdXzQYgdE3sVqb6UZmT0Q%3D%3D&trackingId=zsc%2FkDSrGarPF%2B4wSzsYLA%3D%3D&trk=public_jobs_jserp-result_search-card,[],[],[],[]
